{"x":3.9100000858306886,"y":-3.950000047683716,"z":0.0}